Crop,Disease,Symptoms,Solution
Sugarcane,Smut,severely infected cane failing to form millable stalks,Use hot water treated or disease free setts for planting; remove and burn infected shoots and whips immediately before they rupture; grow smut resistant sugarcane varieties; avoid ratooning infected fields.
Rice,Bacterial Blight,milky bacterial ooze visible on cut leaf surface,Use resistant rice varieties; avoid excess nitrogen application; apply Copper oxychloride or Streptocycline spray; drain excess standing water from field; use disease free seeds.
Cotton,Root Rot,sudden collapse of healthy looking cotton plants,Improve field drainage to avoid waterlogging; apply Trichoderma viride or Carbendazim as soil drench; practice crop rotation with non host crops; remove and burn infected plant debris.
Rice,Bacterial Blight,lesions with wavy margins on rice leaf blade,Use resistant rice varieties; avoid excess nitrogen application; apply Copper oxychloride or Streptocycline spray; drain excess standing water from field; use disease free seeds.
Cotton,Leaf Curl Virus,leaf margins curling upward giving cupped appearance,Control whitefly vector using Imidacloprid or Thiamethoxam spray; remove and destroy infected plants immediately; use virus free certified seeds; avoid growing cotton near okra fields.
General,Healthy,leaves turgid and green with no curling symptoms,"No disease detected. Continue regular field monitoring, balanced fertilization, proper irrigation scheduling and timely weeding for healthy crop growth."
Maize,Rust,yield reduction due to severe rust infection,Apply Mancozeb or Propiconazole fungicide; grow rust resistant hybrid seeds; ensure timely sowing to avoid peak humidity period; avoid excess nitrogen application.
Sugarcane,Smut,infected buds producing whip instead of normal shoot,Use hot water treated or disease free setts for planting; remove and burn infected shoots and whips immediately before they rupture; grow smut resistant sugarcane varieties; avoid ratooning infected fields.
Wheat,Powdery Mildew,white blister like patches on leaf surface,Apply sulfur based fungicide or Propiconazole spray; ensure proper plant spacing for good airflow; avoid excessive irrigation and nitrogen; remove and destroy infected leaves.
Maize,Leaf Blight,field showing patches of blighted maize plants,Spray Mancozeb or Carbendazim fungicide at early symptom stage; practice crop rotation; remove and destroy infected crop debris after harvest; use resistant maize hybrids.
Rice,Rice Blast,diamond shaped lesions with grey center on leaves,Apply Tricyclazole or Isoprothiolane fungicide at boot leaf stage; maintain balanced nitrogen dose; avoid dense planting; use blast resistant seed varieties; drain field periodically.
Sugarcane,Smut,black whip like structure emerging from growing point,Use hot water treated or disease free setts for planting; remove and burn infected shoots and whips immediately before they rupture; grow smut resistant sugarcane varieties; avoid ratooning infected fields.
General,Healthy,crop appears healthy with strong stem and green leaves,"No disease detected. Continue regular field monitoring, balanced fertilization, proper irrigation scheduling and timely weeding for healthy crop growth."
Cotton,Leaf Curl Virus,leaves curling downward with yellow vein network,Control whitefly vector using Imidacloprid or Thiamethoxam spray; remove and destroy infected plants immediately; use virus free certified seeds; avoid growing cotton near okra fields.
General,Healthy,leaf surface smooth and green without any lesions,"No disease detected. Continue regular field monitoring, balanced fertilization, proper irrigation scheduling and timely weeding for healthy crop growth."
Sugarcane,Red Rot,internode showing red rot with characteristic white patches,Use disease free healthy setts for planting; treat setts with Carbendazim before sowing; remove and burn infected cane clumps; avoid ratooning in severely infected fields; grow resistant varieties.
Wheat,Leaf Rust,yellowish orange raised spots on wheat leaves,Spray Propiconazole or Tebuconazole fungicide at first sign of infection; grow rust-resistant wheat varieties; avoid excess nitrogen fertilizer; ensure timely sowing.
Rice,Bacterial Blight,plant stunting with severely blighted leaves,Use resistant rice varieties; avoid excess nitrogen application; apply Copper oxychloride or Streptocycline spray; drain excess standing water from field; use disease free seeds.
Cotton,Leaf Curl Virus,yellow network pattern visible on curled leaf,Control whitefly vector using Imidacloprid or Thiamethoxam spray; remove and destroy infected plants immediately; use virus free certified seeds; avoid growing cotton near okra fields.
Maize,Leaf Blight,elongated grayish lesions visible on both leaf surfaces,Spray Mancozeb or Carbendazim fungicide at early symptom stage; practice crop rotation; remove and destroy infected crop debris after harvest; use resistant maize hybrids.
Rice,Rice Blast,grey sporulating spots visible in humid morning,Apply Tricyclazole or Isoprothiolane fungicide at boot leaf stage; maintain balanced nitrogen dose; avoid dense planting; use blast resistant seed varieties; drain field periodically.
Rice,Rice Blast,leaf collar infection causing leaf drooping,Apply Tricyclazole or Isoprothiolane fungicide at boot leaf stage; maintain balanced nitrogen dose; avoid dense planting; use blast resistant seed varieties; drain field periodically.
Maize,Rust,reddish brown spore masses on leaf surface,Apply Mancozeb or Propiconazole fungicide; grow rust resistant hybrid seeds; ensure timely sowing to avoid peak humidity period; avoid excess nitrogen application.
General,Healthy,field showing uniform green healthy crop growth,"No disease detected. Continue regular field monitoring, balanced fertilization, proper irrigation scheduling and timely weeding for healthy crop growth."
Rice,Bacterial Blight,bacterial streaks visible when leaf held to light,Use resistant rice varieties; avoid excess nitrogen application; apply Copper oxychloride or Streptocycline spray; drain excess standing water from field; use disease free seeds.
Rice,Bacterial Blight,leaves rolling and drying from margins inward,Use resistant rice varieties; avoid excess nitrogen application; apply Copper oxychloride or Streptocycline spray; drain excess standing water from field; use disease free seeds.
Cotton,Root Rot,stem base showing dark brown discoloration,Improve field drainage to avoid waterlogging; apply Trichoderma viride or Carbendazim as soil drench; practice crop rotation with non host crops; remove and burn infected plant debris.
Rice,Rice Blast,severe blast infection causing complete leaf blight,Apply Tricyclazole or Isoprothiolane fungicide at boot leaf stage; maintain balanced nitrogen dose; avoid dense planting; use blast resistant seed varieties; drain field periodically.
Rice,Bacterial Blight,entire leaf turning pale yellow and drying,Use resistant rice varieties; avoid excess nitrogen application; apply Copper oxychloride or Streptocycline spray; drain excess standing water from field; use disease free seeds.
Rice,Rice Blast,rice crop showing lodging due to node blast,Apply Tricyclazole or Isoprothiolane fungicide at boot leaf stage; maintain balanced nitrogen dose; avoid dense planting; use blast resistant seed varieties; drain field periodically.
Rice,Rice Blast,panicle neck rot causing empty white grains,Apply Tricyclazole or Isoprothiolane fungicide at boot leaf stage; maintain balanced nitrogen dose; avoid dense planting; use blast resistant seed varieties; drain field periodically.
Wheat,Leaf Rust,pustules rupture releasing orange powder on leaves,Spray Propiconazole or Tebuconazole fungicide at first sign of infection; grow rust-resistant wheat varieties; avoid excess nitrogen fertilizer; ensure timely sowing.
Cotton,Root Rot,roots showing brown to black discoloration,Improve field drainage to avoid waterlogging; apply Trichoderma viride or Carbendazim as soil drench; practice crop rotation with non host crops; remove and burn infected plant debris.
Maize,Leaf Blight,elongated tan colored lesions with wavy margin,Spray Mancozeb or Carbendazim fungicide at early symptom stage; practice crop rotation; remove and destroy infected crop debris after harvest; use resistant maize hybrids.
Maize,Leaf Blight,lesions expanding and merging causing leaf death,Spray Mancozeb or Carbendazim fungicide at early symptom stage; practice crop rotation; remove and destroy infected crop debris after harvest; use resistant maize hybrids.
General,Healthy,healthy stalk with no internal discoloration on cutting,"No disease detected. Continue regular field monitoring, balanced fertilization, proper irrigation scheduling and timely weeding for healthy crop growth."
Wheat,Leaf Rust,rust colored powder on upper side of leaf,Spray Propiconazole or Tebuconazole fungicide at first sign of infection; grow rust-resistant wheat varieties; avoid excess nitrogen fertilizer; ensure timely sowing.
Cotton,Root Rot,plant wilting permanently despite irrigation,Improve field drainage to avoid waterlogging; apply Trichoderma viride or Carbendazim as soil drench; practice crop rotation with non host crops; remove and burn infected plant debris.
Rice,Bacterial Blight,water soaked streaks on rice leaf margins,Use resistant rice varieties; avoid excess nitrogen application; apply Copper oxychloride or Streptocycline spray; drain excess standing water from field; use disease free seeds.
Maize,Leaf Blight,leaves showing water soaked streaks turning brown,Spray Mancozeb or Carbendazim fungicide at early symptom stage; practice crop rotation; remove and destroy infected crop debris after harvest; use resistant maize hybrids.
General,Healthy,crop showing normal maturity with no disease symptoms,"No disease detected. Continue regular field monitoring, balanced fertilization, proper irrigation scheduling and timely weeding for healthy crop growth."
Sugarcane,Smut,long curved black whip covered with black spore mass,Use hot water treated or disease free setts for planting; remove and burn infected shoots and whips immediately before they rupture; grow smut resistant sugarcane varieties; avoid ratooning infected fields.
General,Healthy,crop growing normally under current weather conditions,"No disease detected. Continue regular field monitoring, balanced fertilization, proper irrigation scheduling and timely weeding for healthy crop growth."
Cotton,Leaf Curl Virus,vein thickening followed by leaf distortion,Control whitefly vector using Imidacloprid or Thiamethoxam spray; remove and destroy infected plants immediately; use virus free certified seeds; avoid growing cotton near okra fields.
Rice,Rice Blast,leaves showing multiple diamond shaped grey lesions,Apply Tricyclazole or Isoprothiolane fungicide at boot leaf stage; maintain balanced nitrogen dose; avoid dense planting; use blast resistant seed varieties; drain field periodically.
Maize,Rust,maize leaves covered with rust colored powder,Apply Mancozeb or Propiconazole fungicide; grow rust resistant hybrid seeds; ensure timely sowing to avoid peak humidity period; avoid excess nitrogen application.
Cotton,Root Rot,root bark easily peeling off when pulled,Improve field drainage to avoid waterlogging; apply Trichoderma viride or Carbendazim as soil drench; practice crop rotation with non host crops; remove and burn infected plant debris.
Maize,Leaf Blight,brown necrotic streaks running parallel to veins,Spray Mancozeb or Carbendazim fungicide at early symptom stage; practice crop rotation; remove and destroy infected crop debris after harvest; use resistant maize hybrids.
Rice,Bacterial Blight,wavy yellow lesions spreading along leaf margin,Use resistant rice varieties; avoid excess nitrogen application; apply Copper oxychloride or Streptocycline spray; drain excess standing water from field; use disease free seeds.
Maize,Rust,small cinnamon brown spots developing into pustules,Apply Mancozeb or Propiconazole fungicide; grow rust resistant hybrid seeds; ensure timely sowing to avoid peak humidity period; avoid excess nitrogen application.
Wheat,Leaf Rust,yield loss with rusty orange spotted foliage,Spray Propiconazole or Tebuconazole fungicide at first sign of infection; grow rust-resistant wheat varieties; avoid excess nitrogen fertilizer; ensure timely sowing.
Sugarcane,Smut,black sooty spore mass covering the whip surface,Use hot water treated or disease free setts for planting; remove and burn infected shoots and whips immediately before they rupture; grow smut resistant sugarcane varieties; avoid ratooning infected fields.
Rice,Bacterial Blight,leaf blight symptoms worse after heavy rainfall,Use resistant rice varieties; avoid excess nitrogen application; apply Copper oxychloride or Streptocycline spray; drain excess standing water from field; use disease free seeds.
General,Healthy,no yellowing or drying symptoms in the crop,"No disease detected. Continue regular field monitoring, balanced fertilization, proper irrigation scheduling and timely weeding for healthy crop growth."
General,Healthy,plant roots white and firm with no rotting,"No disease detected. Continue regular field monitoring, balanced fertilization, proper irrigation scheduling and timely weeding for healthy crop growth."
Maize,Leaf Blight,tan lesions with reddish brown margin on leaf,Spray Mancozeb or Carbendazim fungicide at early symptom stage; practice crop rotation; remove and destroy infected crop debris after harvest; use resistant maize hybrids.
Sugarcane,Red Rot,leaves drying from tip while stalk rots internally,Use disease free healthy setts for planting; treat setts with Carbendazim before sowing; remove and burn infected cane clumps; avoid ratooning in severely infected fields; grow resistant varieties.
Sugarcane,Smut,cane field showing scattered black whip structures,Use hot water treated or disease free setts for planting; remove and burn infected shoots and whips immediately before they rupture; grow smut resistant sugarcane varieties; avoid ratooning infected fields.
Sugarcane,Red Rot,cane stalk hollow and rotten inside on splitting,Use disease free healthy setts for planting; treat setts with Carbendazim before sowing; remove and burn infected cane clumps; avoid ratooning in severely infected fields; grow resistant varieties.
Maize,Leaf Blight,leaf tissue collapsing within elongated lesions,Spray Mancozeb or Carbendazim fungicide at early symptom stage; practice crop rotation; remove and destroy infected crop debris after harvest; use resistant maize hybrids.
Wheat,Leaf Rust,leaf rust spreading from lower to upper leaves,Spray Propiconazole or Tebuconazole fungicide at first sign of infection; grow rust-resistant wheat varieties; avoid excess nitrogen fertilizer; ensure timely sowing.
Sugarcane,Red Rot,red rot causing significant sugar recovery loss,Use disease free healthy setts for planting; treat setts with Carbendazim before sowing; remove and burn infected cane clumps; avoid ratooning in severely infected fields; grow resistant varieties.
General,Healthy,plant showing normal vigorous growth with no symptoms,"No disease detected. Continue regular field monitoring, balanced fertilization, proper irrigation scheduling and timely weeding for healthy crop growth."
Sugarcane,Smut,young shoots transforming into curved black whip,Use hot water treated or disease free setts for planting; remove and burn infected shoots and whips immediately before they rupture; grow smut resistant sugarcane varieties; avoid ratooning infected fields.
Cotton,Leaf Curl Virus,boll number reduced due to viral leaf curl,Control whitefly vector using Imidacloprid or Thiamethoxam spray; remove and destroy infected plants immediately; use virus free certified seeds; avoid growing cotton near okra fields.
Sugarcane,Smut,smut severity increasing in ratoon crop compared to plant crop,Use hot water treated or disease free setts for planting; remove and burn infected shoots and whips immediately before they rupture; grow smut resistant sugarcane varieties; avoid ratooning infected fields.
Maize,Rust,raised brown pustules scattered across leaf blade,Apply Mancozeb or Propiconazole fungicide; grow rust resistant hybrid seeds; ensure timely sowing to avoid peak humidity period; avoid excess nitrogen application.
Rice,Rice Blast,brown spindle lesions with yellow halo on leaf,Apply Tricyclazole or Isoprothiolane fungicide at boot leaf stage; maintain balanced nitrogen dose; avoid dense planting; use blast resistant seed varieties; drain field periodically.
Cotton,Leaf Curl Virus,enation growth on lower surface of leaf,Control whitefly vector using Imidacloprid or Thiamethoxam spray; remove and destroy infected plants immediately; use virus free certified seeds; avoid growing cotton near okra fields.
Rice,Rice Blast,brown lesions with pointed ends on rice leaves,Apply Tricyclazole or Isoprothiolane fungicide at boot leaf stage; maintain balanced nitrogen dose; avoid dense planting; use blast resistant seed varieties; drain field periodically.
General,Healthy,field inspection shows disease free healthy plants,"No disease detected. Continue regular field monitoring, balanced fertilization, proper irrigation scheduling and timely weeding for healthy crop growth."
Sugarcane,Smut,black whip visible above the cane canopy,Use hot water treated or disease free setts for planting; remove and burn infected shoots and whips immediately before they rupture; grow smut resistant sugarcane varieties; avoid ratooning infected fields.
Cotton,Leaf Curl Virus,leaves becoming cup shaped and thick,Control whitefly vector using Imidacloprid or Thiamethoxam spray; remove and destroy infected plants immediately; use virus free certified seeds; avoid growing cotton near okra fields.
Maize,Leaf Blight,severe blight causing complete leaf scorching,Spray Mancozeb or Carbendazim fungicide at early symptom stage; practice crop rotation; remove and destroy infected crop debris after harvest; use resistant maize hybrids.
Rice,Rice Blast,neck of panicle turning black and breaking easily,Apply Tricyclazole or Isoprothiolane fungicide at boot leaf stage; maintain balanced nitrogen dose; avoid dense planting; use blast resistant seed varieties; drain field periodically.
Sugarcane,Red Rot,stalk breaking easily at rotten internode region,Use disease free healthy setts for planting; treat setts with Carbendazim before sowing; remove and burn infected cane clumps; avoid ratooning in severely infected fields; grow resistant varieties.
Wheat,Leaf Rust,wheat crop showing rust colored streaks on leaves,Spray Propiconazole or Tebuconazole fungicide at first sign of infection; grow rust-resistant wheat varieties; avoid excess nitrogen fertilizer; ensure timely sowing.
Cotton,Leaf Curl Virus,dark green thickened veins on curled leaves,Control whitefly vector using Imidacloprid or Thiamethoxam spray; remove and destroy infected plants immediately; use virus free certified seeds; avoid growing cotton near okra fields.
Rice,Bacterial Blight,bacterial ooze forming dew drops on young leaves,Use resistant rice varieties; avoid excess nitrogen application; apply Copper oxychloride or Streptocycline spray; drain excess standing water from field; use disease free seeds.
Sugarcane,Smut,cane clump showing multiple black whips,Use hot water treated or disease free setts for planting; remove and burn infected shoots and whips immediately before they rupture; grow smut resistant sugarcane varieties; avoid ratooning infected fields.
Rice,Bacterial Blight,bacterial blight worse in nitrogen rich rice fields,Use resistant rice varieties; avoid excess nitrogen application; apply Copper oxychloride or Streptocycline spray; drain excess standing water from field; use disease free seeds.
Rice,Rice Blast,collar rot symptoms at leaf and sheath junction,Apply Tricyclazole or Isoprothiolane fungicide at boot leaf stage; maintain balanced nitrogen dose; avoid dense planting; use blast resistant seed varieties; drain field periodically.
Wheat,Powdery Mildew,small black dots appearing within white patches later,Apply sulfur based fungicide or Propiconazole spray; ensure proper plant spacing for good airflow; avoid excessive irrigation and nitrogen; remove and destroy infected leaves.
Cotton,Leaf Curl Virus,cotton plants showing bunchy top due to virus,Control whitefly vector using Imidacloprid or Thiamethoxam spray; remove and destroy infected plants immediately; use virus free certified seeds; avoid growing cotton near okra fields.
Maize,Leaf Blight,reduced photosynthetic area due to blighted leaves,Spray Mancozeb or Carbendazim fungicide at early symptom stage; practice crop rotation; remove and destroy infected crop debris after harvest; use resistant maize hybrids.
Sugarcane,Smut,smut whip elongating over several weeks,Use hot water treated or disease free setts for planting; remove and burn infected shoots and whips immediately before they rupture; grow smut resistant sugarcane varieties; avoid ratooning infected fields.
Rice,Bacterial Blight,seedlings wilting completely known as kresek phase,Use resistant rice varieties; avoid excess nitrogen application; apply Copper oxychloride or Streptocycline spray; drain excess standing water from field; use disease free seeds.
Maize,Leaf Blight,leaves appearing burnt with tan colored streaks,Spray Mancozeb or Carbendazim fungicide at early symptom stage; practice crop rotation; remove and destroy infected crop debris after harvest; use resistant maize hybrids.
Maize,Rust,brown powdery pustules on leaf sheath and blade,Apply Mancozeb or Propiconazole fungicide; grow rust resistant hybrid seeds; ensure timely sowing to avoid peak humidity period; avoid excess nitrogen application.
Rice,Bacterial Blight,field showing patches of yellow dried leaves,Use resistant rice varieties; avoid excess nitrogen application; apply Copper oxychloride or Streptocycline spray; drain excess standing water from field; use disease free seeds.
Wheat,Powdery Mildew,leaf surface covered with talcum like white powder,Apply sulfur based fungicide or Propiconazole spray; ensure proper plant spacing for good airflow; avoid excessive irrigation and nitrogen; remove and destroy infected leaves.
Wheat,Powdery Mildew,white powder easily wiped off from leaf surface,Apply sulfur based fungicide or Propiconazole spray; ensure proper plant spacing for good airflow; avoid excessive irrigation and nitrogen; remove and destroy infected leaves.
Cotton,Root Rot,patchy plant death spreading outward in field,Improve field drainage to avoid waterlogging; apply Trichoderma viride or Carbendazim as soil drench; practice crop rotation with non host crops; remove and burn infected plant debris.
Wheat,Leaf Rust,premature drying of leaves with rust spots,Spray Propiconazole or Tebuconazole fungicide at first sign of infection; grow rust-resistant wheat varieties; avoid excess nitrogen fertilizer; ensure timely sowing.
Sugarcane,Red Rot,stalk emitting alcoholic fermented smell when cut,Use disease free healthy setts for planting; treat setts with Carbendazim before sowing; remove and burn infected cane clumps; avoid ratooning in severely infected fields; grow resistant varieties.
Sugarcane,Red Rot,sett rotting before germination due to red rot,Use disease free healthy setts for planting; treat setts with Carbendazim before sowing; remove and burn infected cane clumps; avoid ratooning in severely infected fields; grow resistant varieties.
Maize,Rust,rust symptoms appear on younger leaves first,Apply Mancozeb or Propiconazole fungicide; grow rust resistant hybrid seeds; ensure timely sowing to avoid peak humidity period; avoid excess nitrogen application.
Cotton,Root Rot,root system reduced with rotten lateral roots,Improve field drainage to avoid waterlogging; apply Trichoderma viride or Carbendazim as soil drench; practice crop rotation with non host crops; remove and burn infected plant debris.
Sugarcane,Smut,thin grassy shoots replacing normal cane stalk,Use hot water treated or disease free setts for planting; remove and burn infected shoots and whips immediately before they rupture; grow smut resistant sugarcane varieties; avoid ratooning infected fields.
Rice,Rice Blast,leaf blast reducing photosynthetic area significantly,Apply Tricyclazole or Isoprothiolane fungicide at boot leaf stage; maintain balanced nitrogen dose; avoid dense planting; use blast resistant seed varieties; drain field periodically.
Maize,Leaf Blight,cigar shaped lesions with yellow halo on leaf,Spray Mancozeb or Carbendazim fungicide at early symptom stage; practice crop rotation; remove and destroy infected crop debris after harvest; use resistant maize hybrids.
Wheat,Powdery Mildew,wheat plants stunted with white coated leaves,Apply sulfur based fungicide or Propiconazole spray; ensure proper plant spacing for good airflow; avoid excessive irrigation and nitrogen; remove and destroy infected leaves.
Sugarcane,Smut,reduced cane yield due to smut whip formation,Use hot water treated or disease free setts for planting; remove and burn infected shoots and whips immediately before they rupture; grow smut resistant sugarcane varieties; avoid ratooning infected fields.
Cotton,Leaf Curl Virus,yellow mosaic pattern along leaf veins,Control whitefly vector using Imidacloprid or Thiamethoxam spray; remove and destroy infected plants immediately; use virus free certified seeds; avoid growing cotton near okra fields.
Sugarcane,Smut,black whip breaking open releasing black powdery spores,Use hot water treated or disease free setts for planting; remove and burn infected shoots and whips immediately before they rupture; grow smut resistant sugarcane varieties; avoid ratooning infected fields.
Cotton,Leaf Curl Virus,yellow network pattern visible on curled leaf,Control whitefly vector using Imidacloprid or Thiamethoxam spray; remove and destroy infected plants immediately; use virus free certified seeds; avoid growing cotton near okra fields.
Maize,Rust,dense rust pustules causing leaf curling,Apply Mancozeb or Propiconazole fungicide; grow rust resistant hybrid seeds; ensure timely sowing to avoid peak humidity period; avoid excess nitrogen application.
Cotton,Leaf Curl Virus,severe curling causing leaves to appear crumpled,Control whitefly vector using Imidacloprid or Thiamethoxam spray; remove and destroy infected plants immediately; use virus free certified seeds; avoid growing cotton near okra fields.
General,Healthy,overall crop condition healthy with no visible infection,"No disease detected. Continue regular field monitoring, balanced fertilization, proper irrigation scheduling and timely weeding for healthy crop growth."
Wheat,Leaf Rust,leaf tips drying with rust colored lesions,Spray Propiconazole or Tebuconazole fungicide at first sign of infection; grow rust-resistant wheat varieties; avoid excess nitrogen fertilizer; ensure timely sowing.
Wheat,Leaf Rust,leaf surface shows powdery orange rust patches,Spray Propiconazole or Tebuconazole fungicide at first sign of infection; grow rust-resistant wheat varieties; avoid excess nitrogen fertilizer; ensure timely sowing.
General,Healthy,plants showing normal flowering and fruiting with no symptoms,"No disease detected. Continue regular field monitoring, balanced fertilization, proper irrigation scheduling and timely weeding for healthy crop growth."
Cotton,Root Rot,stunted growth with rotten smelling roots,Improve field drainage to avoid waterlogging; apply Trichoderma viride or Carbendazim as soil drench; practice crop rotation with non host crops; remove and burn infected plant debris.
Maize,Rust,rust disease favored by cool humid conditions,Apply Mancozeb or Propiconazole fungicide; grow rust resistant hybrid seeds; ensure timely sowing to avoid peak humidity period; avoid excess nitrogen application.
Maize,Leaf Blight,cigar shaped spots spreading along leaf length,Spray Mancozeb or Carbendazim fungicide at early symptom stage; practice crop rotation; remove and destroy infected crop debris after harvest; use resistant maize hybrids.
Maize,Rust,rust pustules concentrated near leaf veins,Apply Mancozeb or Propiconazole fungicide; grow rust resistant hybrid seeds; ensure timely sowing to avoid peak humidity period; avoid excess nitrogen application.
Rice,Rice Blast,eye shaped lesions scattered across leaf blade,Apply Tricyclazole or Isoprothiolane fungicide at boot leaf stage; maintain balanced nitrogen dose; avoid dense planting; use blast resistant seed varieties; drain field periodically.
General,Healthy,plant growth normal with good tillering and no disease,"No disease detected. Continue regular field monitoring, balanced fertilization, proper irrigation scheduling and timely weeding for healthy crop growth."
Rice,Rice Blast,small brown spots enlarging into diamond lesions,Apply Tricyclazole or Isoprothiolane fungicide at boot leaf stage; maintain balanced nitrogen dose; avoid dense planting; use blast resistant seed varieties; drain field periodically.
Wheat,Leaf Rust,small round orange blisters on leaf surface,Spray Propiconazole or Tebuconazole fungicide at first sign of infection; grow rust-resistant wheat varieties; avoid excess nitrogen fertilizer; ensure timely sowing.
Wheat,Powdery Mildew,grey white fungal growth on upper leaf surface,Apply sulfur based fungicide or Propiconazole spray; ensure proper plant spacing for good airflow; avoid excessive irrigation and nitrogen; remove and destroy infected leaves.
Wheat,Powdery Mildew,white powdery coating on leaves and stem,Apply sulfur based fungicide or Propiconazole spray; ensure proper plant spacing for good airflow; avoid excessive irrigation and nitrogen; remove and destroy infected leaves.
Cotton,Leaf Curl Virus,younger leaves showing more severe curling symptoms,Control whitefly vector using Imidacloprid or Thiamethoxam spray; remove and destroy infected plants immediately; use virus free certified seeds; avoid growing cotton near okra fields.
Wheat,Powdery Mildew,leaf surface feels rough due to powdery growth,Apply sulfur based fungicide or Propiconazole spray; ensure proper plant spacing for good airflow; avoid excessive irrigation and nitrogen; remove and destroy infected leaves.
General,Healthy,leaves are deep green with no visible spots,"No disease detected. Continue regular field monitoring, balanced fertilization, proper irrigation scheduling and timely weeding for healthy crop growth."
Rice,Bacterial Blight,leaf blades drying from tip downward,Use resistant rice varieties; avoid excess nitrogen application; apply Copper oxychloride or Streptocycline spray; drain excess standing water from field; use disease free seeds.
Sugarcane,Red Rot,field showing patches of prematurely drying cane,Use disease free healthy setts for planting; treat setts with Carbendazim before sowing; remove and burn infected cane clumps; avoid ratooning in severely infected fields; grow resistant varieties.
Maize,Rust,powdery reddish spores rubbing off on touch,Apply Mancozeb or Propiconazole fungicide; grow rust resistant hybrid seeds; ensure timely sowing to avoid peak humidity period; avoid excess nitrogen application.
Sugarcane,Smut,black whip formation replacing the growing point entirely,Use hot water treated or disease free setts for planting; remove and burn infected shoots and whips immediately before they rupture; grow smut resistant sugarcane varieties; avoid ratooning infected fields.
Sugarcane,Red Rot,foul alcoholic smell from cut cane stalk,Use disease free healthy setts for planting; treat setts with Carbendazim before sowing; remove and burn infected cane clumps; avoid ratooning in severely infected fields; grow resistant varieties.
Wheat,Powdery Mildew,white cottony growth on stems and leaf sheath,Apply sulfur based fungicide or Propiconazole spray; ensure proper plant spacing for good airflow; avoid excessive irrigation and nitrogen; remove and destroy infected leaves.
Wheat,Leaf Rust,small reddish brown spots scattered on leaves,Spray Propiconazole or Tebuconazole fungicide at first sign of infection; grow rust-resistant wheat varieties; avoid excess nitrogen fertilizer; ensure timely sowing.
Cotton,Root Rot,plant base showing soft rotten tissue,Improve field drainage to avoid waterlogging; apply Trichoderma viride or Carbendazim as soil drench; practice crop rotation with non host crops; remove and burn infected plant debris.
Wheat,Leaf Rust,reduced grain size with rusty spotted leaves,Spray Propiconazole or Tebuconazole fungicide at first sign of infection; grow rust-resistant wheat varieties; avoid excess nitrogen fertilizer; ensure timely sowing.
Wheat,Leaf Rust,rust colored spores rubbing off on touching leaves,Spray Propiconazole or Tebuconazole fungicide at first sign of infection; grow rust-resistant wheat varieties; avoid excess nitrogen fertilizer; ensure timely sowing.
General,Healthy,no fungal or bacterial symptoms visible on plant,"No disease detected. Continue regular field monitoring, balanced fertilization, proper irrigation scheduling and timely weeding for healthy crop growth."
Rice,Rice Blast,neck blast causing white unfilled panicles,Apply Tricyclazole or Isoprothiolane fungicide at boot leaf stage; maintain balanced nitrogen dose; avoid dense planting; use blast resistant seed varieties; drain field periodically.
Wheat,Powdery Mildew,white mildew patches spreading to ear head,Apply sulfur based fungicide or Propiconazole spray; ensure proper plant spacing for good airflow; avoid excessive irrigation and nitrogen; remove and destroy infected leaves.
Rice,Rice Blast,nodal blackening leading to lodging of plant,Apply Tricyclazole or Isoprothiolane fungicide at boot leaf stage; maintain balanced nitrogen dose; avoid dense planting; use blast resistant seed varieties; drain field periodically.
Wheat,Powdery Mildew,white blister like patches on leaf surface,Apply sulfur based fungicide or Propiconazole spray; ensure proper plant spacing for good airflow; avoid excessive irrigation and nitrogen; remove and destroy infected leaves.
Maize,Leaf Blight,leaf blight reducing grain filling in maize,Spray Mancozeb or Carbendazim fungicide at early symptom stage; practice crop rotation; remove and destroy infected crop debris after harvest; use resistant maize hybrids.
Cotton,Root Rot,field showing scattered dead cotton plants,Improve field drainage to avoid waterlogging; apply Trichoderma viride or Carbendazim as soil drench; practice crop rotation with non host crops; remove and burn infected plant debris.
Maize,Leaf Blight,brown streaks extending from leaf tip to base,Spray Mancozeb or Carbendazim fungicide at early symptom stage; practice crop rotation; remove and destroy infected crop debris after harvest; use resistant maize hybrids.
Wheat,Powdery Mildew,poor grain filling due to powdery mildew infection,Apply sulfur based fungicide or Propiconazole spray; ensure proper plant spacing for good airflow; avoid excessive irrigation and nitrogen; remove and destroy infected leaves.
Rice,Bacterial Blight,young seedlings collapsing and turning yellow rapidly,Use resistant rice varieties; avoid excess nitrogen application; apply Copper oxychloride or Streptocycline spray; drain excess standing water from field; use disease free seeds.
Wheat,Powdery Mildew,stunted plant growth with white powder on leaves,Apply sulfur based fungicide or Propiconazole spray; ensure proper plant spacing for good airflow; avoid excessive irrigation and nitrogen; remove and destroy infected leaves.
Rice,Bacterial Blight,yellowing spreading from leaf tip towards base,Use resistant rice varieties; avoid excess nitrogen application; apply Copper oxychloride or Streptocycline spray; drain excess standing water from field; use disease free seeds.
Sugarcane,Red Rot,leaves showing yellowing and drying from top,Use disease free healthy setts for planting; treat setts with Carbendazim before sowing; remove and burn infected cane clumps; avoid ratooning in severely infected fields; grow resistant varieties.
Cotton,Root Rot,sudden wilting of plant despite adequate moisture,Improve field drainage to avoid waterlogging; apply Trichoderma viride or Carbendazim as soil drench; practice crop rotation with non host crops; remove and burn infected plant debris.
Cotton,Root Rot,leaves drooping and drying while roots decay,Improve field drainage to avoid waterlogging; apply Trichoderma viride or Carbendazim as soil drench; practice crop rotation with non host crops; remove and burn infected plant debris.
Rice,Bacterial Blight,leaf tips turning straw colored and curling,Use resistant rice varieties; avoid excess nitrogen application; apply Copper oxychloride or Streptocycline spray; drain excess standing water from field; use disease free seeds.
Rice,Rice Blast,spindle shaped spots with brown border on leaf,Apply Tricyclazole or Isoprothiolane fungicide at boot leaf stage; maintain balanced nitrogen dose; avoid dense planting; use blast resistant seed varieties; drain field periodically.
Sugarcane,Red Rot,internal tissue turning red with white cross bands,Use disease free healthy setts for planting; treat setts with Carbendazim before sowing; remove and burn infected cane clumps; avoid ratooning in severely infected fields; grow resistant varieties.
Maize,Rust,pustules arranged in irregular rows on leaf,Apply Mancozeb or Propiconazole fungicide; grow rust resistant hybrid seeds; ensure timely sowing to avoid peak humidity period; avoid excess nitrogen application.
Sugarcane,Red Rot,drying of top leaves known as top rot,Use disease free healthy setts for planting; treat setts with Carbendazim before sowing; remove and burn infected cane clumps; avoid ratooning in severely infected fields; grow resistant varieties.
Wheat,Powdery Mildew,dense white fungal mat on crowded plant leaves,Apply sulfur based fungicide or Propiconazole spray; ensure proper plant spacing for good airflow; avoid excessive irrigation and nitrogen; remove and destroy infected leaves.
Maize,Leaf Blight,long boat shaped lesions along leaf midrib,Spray Mancozeb or Carbendazim fungicide at early symptom stage; practice crop rotation; remove and destroy infected crop debris after harvest; use resistant maize hybrids.
Cotton,Leaf Curl Virus,small leaf like enations on underside of leaf,Control whitefly vector using Imidacloprid or Thiamethoxam spray; remove and destroy infected plants immediately; use virus free certified seeds; avoid growing cotton near okra fields.
Maize,Rust,leaves showing rust spots turning dark brown later,Apply Mancozeb or Propiconazole fungicide; grow rust resistant hybrid seeds; ensure timely sowing to avoid peak humidity period; avoid excess nitrogen application.
Maize,Rust,pustules rupturing to release rust colored spores,Apply Mancozeb or Propiconazole fungicide; grow rust resistant hybrid seeds; ensure timely sowing to avoid peak humidity period; avoid excess nitrogen application.
Cotton,Leaf Curl Virus,whitefly population high on curled leaf plants,Control whitefly vector using Imidacloprid or Thiamethoxam spray; remove and destroy infected plants immediately; use virus free certified seeds; avoid growing cotton near okra fields.
Wheat,Powdery Mildew,white mildew reducing tillering in wheat plants,Apply sulfur based fungicide or Propiconazole spray; ensure proper plant spacing for good airflow; avoid excessive irrigation and nitrogen; remove and destroy infected leaves.
Rice,Bacterial Blight,leaves wilting and turning grey green then yellow,Use resistant rice varieties; avoid excess nitrogen application; apply Copper oxychloride or Streptocycline spray; drain excess standing water from field; use disease free seeds.
Sugarcane,Smut,smut whips curling at the tip like a snake,Use hot water treated or disease free setts for planting; remove and burn infected shoots and whips immediately before they rupture; grow smut resistant sugarcane varieties; avoid ratooning infected fields.
Cotton,Root Rot,complete plant death within one to two weeks,Improve field drainage to avoid waterlogging; apply Trichoderma viride or Carbendazim as soil drench; practice crop rotation with non host crops; remove and burn infected plant debris.
Rice,Rice Blast,leaf spots enlarging and merging causing leaf death,Apply Tricyclazole or Isoprothiolane fungicide at boot leaf stage; maintain balanced nitrogen dose; avoid dense planting; use blast resistant seed varieties; drain field periodically.
Cotton,Leaf Curl Virus,vein clearing followed by severe leaf curling,Control whitefly vector using Imidacloprid or Thiamethoxam spray; remove and destroy infected plants immediately; use virus free certified seeds; avoid growing cotton near okra fields.
General,Healthy,leaves free of pustules rust spots or mildew,"No disease detected. Continue regular field monitoring, balanced fertilization, proper irrigation scheduling and timely weeding for healthy crop growth."
General,Healthy,no bacterial ooze or lesions on leaf surface,"No disease detected. Continue regular field monitoring, balanced fertilization, proper irrigation scheduling and timely weeding for healthy crop growth."
Sugarcane,Smut,black whip like structure emerging from growing point,Use hot water treated or disease free setts for planting; remove and burn infected shoots and whips immediately before they rupture; grow smut resistant sugarcane varieties; avoid ratooning infected fields.
Sugarcane,Red Rot,white patches within red discolored internode tissue,Use disease free healthy setts for planting; treat setts with Carbendazim before sowing; remove and burn infected cane clumps; avoid ratooning in severely infected fields; grow resistant varieties.
General,Healthy,no wilting or yellowing observed in the field,"No disease detected. Continue regular field monitoring, balanced fertilization, proper irrigation scheduling and timely weeding for healthy crop growth."
Rice,Rice Blast,node infection causing stem to break at joint,Apply Tricyclazole or Isoprothiolane fungicide at boot leaf stage; maintain balanced nitrogen dose; avoid dense planting; use blast resistant seed varieties; drain field periodically.
Maize,Leaf Blight,grayish tan spots with dark border on leaf,Spray Mancozeb or Carbendazim fungicide at early symptom stage; practice crop rotation; remove and destroy infected crop debris after harvest; use resistant maize hybrids.
Rice,Rice Blast,grains not filling due to neck blast infection,Apply Tricyclazole or Isoprothiolane fungicide at boot leaf stage; maintain balanced nitrogen dose; avoid dense planting; use blast resistant seed varieties; drain field periodically.
Sugarcane,Red Rot,red rot progressing upward from base of cane,Use disease free healthy setts for planting; treat setts with Carbendazim before sowing; remove and burn infected cane clumps; avoid ratooning in severely infected fields; grow resistant varieties.
Wheat,Powdery Mildew,white powdery mildew spreading in dense wheat crop,Apply sulfur based fungicide or Propiconazole spray; ensure proper plant spacing for good airflow; avoid excessive irrigation and nitrogen; remove and destroy infected leaves.
General,Healthy,no signs of curling wilting or rotting in plant,"No disease detected. Continue regular field monitoring, balanced fertilization, proper irrigation scheduling and timely weeding for healthy crop growth."
Wheat,Leaf Rust,brown pustules appearing in circular patches on leaf,Spray Propiconazole or Tebuconazole fungicide at first sign of infection; grow rust-resistant wheat varieties; avoid excess nitrogen fertilizer; ensure timely sowing.
Wheat,Leaf Rust,wheat leaves covered with orange to brown pustules,Spray Propiconazole or Tebuconazole fungicide at first sign of infection; grow rust-resistant wheat varieties; avoid excess nitrogen fertilizer; ensure timely sowing.
Sugarcane,Red Rot,external reddish brown lesions on cane rind,Use disease free healthy setts for planting; treat setts with Carbendazim before sowing; remove and burn infected cane clumps; avoid ratooning in severely infected fields; grow resistant varieties.
Cotton,Leaf Curl Virus,reduced boll formation due to leaf curling,Control whitefly vector using Imidacloprid or Thiamethoxam spray; remove and destroy infected plants immediately; use virus free certified seeds; avoid growing cotton near okra fields.
Sugarcane,Smut,excessive tillering with thin whip like shoots,Use hot water treated or disease free setts for planting; remove and burn infected shoots and whips immediately before they rupture; grow smut resistant sugarcane varieties; avoid ratooning infected fields.
Rice,Rice Blast,leaf tip drying following heavy blast infection,Apply Tricyclazole or Isoprothiolane fungicide at boot leaf stage; maintain balanced nitrogen dose; avoid dense planting; use blast resistant seed varieties; drain field periodically.
Maize,Leaf Blight,leaves drying from lower to upper canopy,Spray Mancozeb or Carbendazim fungicide at early symptom stage; practice crop rotation; remove and destroy infected crop debris after harvest; use resistant maize hybrids.
Cotton,Root Rot,roots turning black and rotten on digging,Improve field drainage to avoid waterlogging; apply Trichoderma viride or Carbendazim as soil drench; practice crop rotation with non host crops; remove and burn infected plant debris.
Sugarcane,Red Rot,cross section showing alternate red and white bands,Use disease free healthy setts for planting; treat setts with Carbendazim before sowing; remove and burn infected cane clumps; avoid ratooning in severely infected fields; grow resistant varieties.
Rice,Bacterial Blight,long yellow streaks turning white as disease progresses,Use resistant rice varieties; avoid excess nitrogen application; apply Copper oxychloride or Streptocycline spray; drain excess standing water from field; use disease free seeds.
Wheat,Leaf Rust,rust disease symptoms visible during humid weather,Spray Propiconazole or Tebuconazole fungicide at first sign of infection; grow rust-resistant wheat varieties; avoid excess nitrogen fertilizer; ensure timely sowing.
Maize,Rust,rust colored lesions visible from both leaf sides,Apply Mancozeb or Propiconazole fungicide; grow rust resistant hybrid seeds; ensure timely sowing to avoid peak humidity period; avoid excess nitrogen application.
Maize,Leaf Blight,premature drying of lower maize leaves,Spray Mancozeb or Carbendazim fungicide at early symptom stage; practice crop rotation; remove and destroy infected crop debris after harvest; use resistant maize hybrids.
Maize,Leaf Blight,maize crop showing rapid leaf drying symptoms,Spray Mancozeb or Carbendazim fungicide at early symptom stage; practice crop rotation; remove and destroy infected crop debris after harvest; use resistant maize hybrids.
Rice,Rice Blast,panicle base turning black just before harvest,Apply Tricyclazole or Isoprothiolane fungicide at boot leaf stage; maintain balanced nitrogen dose; avoid dense planting; use blast resistant seed varieties; drain field periodically.
Cotton,Root Rot,plant collapsing suddenly during flowering stage,Improve field drainage to avoid waterlogging; apply Trichoderma viride or Carbendazim as soil drench; practice crop rotation with non host crops; remove and burn infected plant debris.
General,Healthy,no whip or smut structures observed in the field,"No disease detected. Continue regular field monitoring, balanced fertilization, proper irrigation scheduling and timely weeding for healthy crop growth."
General,Healthy,leaves free from spots streaks or powdery growth,"No disease detected. Continue regular field monitoring, balanced fertilization, proper irrigation scheduling and timely weeding for healthy crop growth."
Cotton,Leaf Curl Virus,leaf lamina reduced in size and curled,Control whitefly vector using Imidacloprid or Thiamethoxam spray; remove and destroy infected plants immediately; use virus free certified seeds; avoid growing cotton near okra fields.
Maize,Leaf Blight,leaf blight severe in humid cloudy weather,Spray Mancozeb or Carbendazim fungicide at early symptom stage; practice crop rotation; remove and destroy infected crop debris after harvest; use resistant maize hybrids.
Sugarcane,Smut,stunted thin cane stalks with reduced girth,Use hot water treated or disease free setts for planting; remove and burn infected shoots and whips immediately before they rupture; grow smut resistant sugarcane varieties; avoid ratooning infected fields.
Cotton,Root Rot,yellowing and wilting starting from lower leaves,Improve field drainage to avoid waterlogging; apply Trichoderma viride or Carbendazim as soil drench; practice crop rotation with non host crops; remove and burn infected plant debris.
Wheat,Powdery Mildew,powdery white patches covering wheat leaves,Apply sulfur based fungicide or Propiconazole spray; ensure proper plant spacing for good airflow; avoid excessive irrigation and nitrogen; remove and destroy infected leaves.
Rice,Bacterial Blight,leaves appear scorched with yellow brown patches,Use resistant rice varieties; avoid excess nitrogen application; apply Copper oxychloride or Streptocycline spray; drain excess standing water from field; use disease free seeds.
Cotton,Root Rot,plant death occurring rapidly within few days,Improve field drainage to avoid waterlogging; apply Trichoderma viride or Carbendazim as soil drench; practice crop rotation with non host crops; remove and burn infected plant debris.
Cotton,Root Rot,root rot spreading to neighboring healthy plants,Improve field drainage to avoid waterlogging; apply Trichoderma viride or Carbendazim as soil drench; practice crop rotation with non host crops; remove and burn infected plant debris.
Cotton,Leaf Curl Virus,leaf curl symptoms worsening in dry hot weather,Control whitefly vector using Imidacloprid or Thiamethoxam spray; remove and destroy infected plants immediately; use virus free certified seeds; avoid growing cotton near okra fields.
Wheat,Powdery Mildew,premature leaf yellowing under white powdery mildew,Apply sulfur based fungicide or Propiconazole spray; ensure proper plant spacing for good airflow; avoid excessive irrigation and nitrogen; remove and destroy infected leaves.
Sugarcane,Red Rot,red rot spreading rapidly in ratoon crop,Use disease free healthy setts for planting; treat setts with Carbendazim before sowing; remove and burn infected cane clumps; avoid ratooning in severely infected fields; grow resistant varieties.
Maize,Rust,brown pustules turning black near maturity,Apply Mancozeb or Propiconazole fungicide; grow rust resistant hybrid seeds; ensure timely sowing to avoid peak humidity period; avoid excess nitrogen application.
Cotton,Root Rot,sudden wilting of plant despite adequate moisture,Improve field drainage to avoid waterlogging; apply Trichoderma viride or Carbendazim as soil drench; practice crop rotation with non host crops; remove and burn infected plant debris.
Rice,Bacterial Blight,yellow lesions starting from leaf tip and margin,Use resistant rice varieties; avoid excess nitrogen application; apply Copper oxychloride or Streptocycline spray; drain excess standing water from field; use disease free seeds.
Maize,Rust,leaf surface rough due to numerous rust pustules,Apply Mancozeb or Propiconazole fungicide; grow rust resistant hybrid seeds; ensure timely sowing to avoid peak humidity period; avoid excess nitrogen application.
Wheat,Powdery Mildew,leaves curling with white powdery fungal growth,Apply sulfur based fungicide or Propiconazole spray; ensure proper plant spacing for good airflow; avoid excessive irrigation and nitrogen; remove and destroy infected leaves.
General,Healthy,plant vigor good with no stunting observed,"No disease detected. Continue regular field monitoring, balanced fertilization, proper irrigation scheduling and timely weeding for healthy crop growth."
Wheat,Powdery Mildew,leaf tissue turning pale under white mildew patches,Apply sulfur based fungicide or Propiconazole spray; ensure proper plant spacing for good airflow; avoid excessive irrigation and nitrogen; remove and destroy infected leaves.
Wheat,Powdery Mildew,powdery white fungus visible on lower leaves first,Apply sulfur based fungicide or Propiconazole spray; ensure proper plant spacing for good airflow; avoid excessive irrigation and nitrogen; remove and destroy infected leaves.
Rice,Bacterial Blight,yellow to white stripes along leaf veins,Use resistant rice varieties; avoid excess nitrogen application; apply Copper oxychloride or Streptocycline spray; drain excess standing water from field; use disease free seeds.
Cotton,Root Rot,white fungal growth visible on root surface,Improve field drainage to avoid waterlogging; apply Trichoderma viride or Carbendazim as soil drench; practice crop rotation with non host crops; remove and burn infected plant debris.
Wheat,Powdery Mildew,yellow blotches surrounded by white powdery fungus,Apply sulfur based fungicide or Propiconazole spray; ensure proper plant spacing for good airflow; avoid excessive irrigation and nitrogen; remove and destroy infected leaves.
Wheat,Leaf Rust,leaves appear dusty orange when brushed,Spray Propiconazole or Tebuconazole fungicide at first sign of infection; grow rust-resistant wheat varieties; avoid excess nitrogen fertilizer; ensure timely sowing.
Cotton,Leaf Curl Virus,plant growth stunted with yellow vein leaf curl,Control whitefly vector using Imidacloprid or Thiamethoxam spray; remove and destroy infected plants immediately; use virus free certified seeds; avoid growing cotton near okra fields.
Cotton,Root Rot,wilted plants easily uprooted due to rotten roots,Improve field drainage to avoid waterlogging; apply Trichoderma viride or Carbendazim as soil drench; practice crop rotation with non host crops; remove and burn infected plant debris.
Cotton,Leaf Curl Virus,yellowing of leaf veins in net like pattern,Control whitefly vector using Imidacloprid or Thiamethoxam spray; remove and destroy infected plants immediately; use virus free certified seeds; avoid growing cotton near okra fields.
Sugarcane,Red Rot,cane internode tissue soft and disintegrating,Use disease free healthy setts for planting; treat setts with Carbendazim before sowing; remove and burn infected cane clumps; avoid ratooning in severely infected fields; grow resistant varieties.
Rice,Bacterial Blight,severe leaf drying reducing grain yield in rice,Use resistant rice varieties; avoid excess nitrogen application; apply Copper oxychloride or Streptocycline spray; drain excess standing water from field; use disease free seeds.
General,Healthy,uniform crop growth with no visible pest or disease damage,"No disease detected. Continue regular field monitoring, balanced fertilization, proper irrigation scheduling and timely weeding for healthy crop growth."
Cotton,Leaf Curl Virus,upward curling of leaves with thickened veins,Control whitefly vector using Imidacloprid or Thiamethoxam spray; remove and destroy infected plants immediately; use virus free certified seeds; avoid growing cotton near okra fields.
Rice,Rice Blast,leaf blast symptoms severe in nursery stage,Apply Tricyclazole or Isoprothiolane fungicide at boot leaf stage; maintain balanced nitrogen dose; avoid dense planting; use blast resistant seed varieties; drain field periodically.
Wheat,Leaf Rust,orange streaks visible along leaf veins,Spray Propiconazole or Tebuconazole fungicide at first sign of infection; grow rust-resistant wheat varieties; avoid excess nitrogen fertilizer; ensure timely sowing.
Wheat,Leaf Rust,heavy rust infestation on flag leaf,Spray Propiconazole or Tebuconazole fungicide at first sign of infection; grow rust-resistant wheat varieties; avoid excess nitrogen fertilizer; ensure timely sowing.
Wheat,Powdery Mildew,white fungal spots appear during cool humid weather,Apply sulfur based fungicide or Propiconazole spray; ensure proper plant spacing for good airflow; avoid excessive irrigation and nitrogen; remove and destroy infected leaves.
Maize,Rust,small oval rust colored spots on maize leaves,Apply Mancozeb or Propiconazole fungicide; grow rust resistant hybrid seeds; ensure timely sowing to avoid peak humidity period; avoid excess nitrogen application.
Maize,Rust,dense rust pustules causing leaf curling,Apply Mancozeb or Propiconazole fungicide; grow rust resistant hybrid seeds; ensure timely sowing to avoid peak humidity period; avoid excess nitrogen application.
Sugarcane,Smut,smut disease spreading through infected sett planting,Use hot water treated or disease free setts for planting; remove and burn infected shoots and whips immediately before they rupture; grow smut resistant sugarcane varieties; avoid ratooning infected fields.
Cotton,Leaf Curl Virus,plants showing bushy appearance due to leaf curling,Control whitefly vector using Imidacloprid or Thiamethoxam spray; remove and destroy infected plants immediately; use virus free certified seeds; avoid growing cotton near okra fields.
Wheat,Leaf Rust,circular to oval orange pustules on stem and leaf,Spray Propiconazole or Tebuconazole fungicide at first sign of infection; grow rust-resistant wheat varieties; avoid excess nitrogen fertilizer; ensure timely sowing.
Cotton,Root Rot,root rot symptoms worse in waterlogged soil,Improve field drainage to avoid waterlogging; apply Trichoderma viride or Carbendazim as soil drench; practice crop rotation with non host crops; remove and burn infected plant debris.
Maize,Leaf Blight,leaf blight worse under dense plant population,Spray Mancozeb or Carbendazim fungicide at early symptom stage; practice crop rotation; remove and destroy infected crop debris after harvest; use resistant maize hybrids.
Rice,Rice Blast,grey white centre lesions with reddish brown margin,Apply Tricyclazole or Isoprothiolane fungicide at boot leaf stage; maintain balanced nitrogen dose; avoid dense planting; use blast resistant seed varieties; drain field periodically.
Cotton,Leaf Curl Virus,plants remain stunted with rosette like appearance,Control whitefly vector using Imidacloprid or Thiamethoxam spray; remove and destroy infected plants immediately; use virus free certified seeds; avoid growing cotton near okra fields.
Maize,Leaf Blight,long grayish green lesions on maize leaves,Spray Mancozeb or Carbendazim fungicide at early symptom stage; practice crop rotation; remove and destroy infected crop debris after harvest; use resistant maize hybrids.
Cotton,Leaf Curl Virus,leaf curling reducing overall cotton fiber yield,Control whitefly vector using Imidacloprid or Thiamethoxam spray; remove and destroy infected plants immediately; use virus free certified seeds; avoid growing cotton near okra fields.
Maize,Rust,leaf tips drying under heavy rust pressure,Apply Mancozeb or Propiconazole fungicide; grow rust resistant hybrid seeds; ensure timely sowing to avoid peak humidity period; avoid excess nitrogen application.
Sugarcane,Red Rot,cane juice turning sour and reddish in color,Use disease free healthy setts for planting; treat setts with Carbendazim before sowing; remove and burn infected cane clumps; avoid ratooning in severely infected fields; grow resistant varieties.
Rice,Bacterial Blight,grey white lesions turning yellow then brown,Use resistant rice varieties; avoid excess nitrogen application; apply Copper oxychloride or Streptocycline spray; drain excess standing water from field; use disease free seeds.
Sugarcane,Red Rot,reduced juice quality due to red rot infection,Use disease free healthy setts for planting; treat setts with Carbendazim before sowing; remove and burn infected cane clumps; avoid ratooning in severely infected fields; grow resistant varieties.
Sugarcane,Smut,thin spindly shoots with black whip at top,Use hot water treated or disease free setts for planting; remove and burn infected shoots and whips immediately before they rupture; grow smut resistant sugarcane varieties; avoid ratooning infected fields.
Wheat,Powdery Mildew,leaves look dusted with white flour like powder,Apply sulfur based fungicide or Propiconazole spray; ensure proper plant spacing for good airflow; avoid excessive irrigation and nitrogen; remove and destroy infected leaves.
Sugarcane,Smut,thin spindly shoots with black whip at top,Use hot water treated or disease free setts for planting; remove and burn infected shoots and whips immediately before they rupture; grow smut resistant sugarcane varieties; avoid ratooning infected fields.
Wheat,Powdery Mildew,leaves turning yellow underneath white powdery spots,Apply sulfur based fungicide or Propiconazole spray; ensure proper plant spacing for good airflow; avoid excessive irrigation and nitrogen; remove and destroy infected leaves.
General,Healthy,healthy green foliage with uniform leaf color,"No disease detected. Continue regular field monitoring, balanced fertilization, proper irrigation scheduling and timely weeding for healthy crop growth."
Wheat,Leaf Rust,leaves covered with orange dust like spots,Spray Propiconazole or Tebuconazole fungicide at first sign of infection; grow rust-resistant wheat varieties; avoid excess nitrogen fertilizer; ensure timely sowing.
Cotton,Root Rot,wilting symptoms appearing during peak summer heat,Improve field drainage to avoid waterlogging; apply Trichoderma viride or Carbendazim as soil drench; practice crop rotation with non host crops; remove and burn infected plant debris.
Wheat,Leaf Rust,orange spore masses on both leaf surfaces,Spray Propiconazole or Tebuconazole fungicide at first sign of infection; grow rust-resistant wheat varieties; avoid excess nitrogen fertilizer; ensure timely sowing.
Sugarcane,Red Rot,cane clumps drying prematurely before maturity,Use disease free healthy setts for planting; treat setts with Carbendazim before sowing; remove and burn infected cane clumps; avoid ratooning in severely infected fields; grow resistant varieties.
Sugarcane,Red Rot,leaves wilting and drying while cane looks healthy outside,Use disease free healthy setts for planting; treat setts with Carbendazim before sowing; remove and burn infected cane clumps; avoid ratooning in severely infected fields; grow resistant varieties.
Cotton,Leaf Curl Virus,leaf edges rolling inward forming cup shape,Control whitefly vector using Imidacloprid or Thiamethoxam spray; remove and destroy infected plants immediately; use virus free certified seeds; avoid growing cotton near okra fields.
Cotton,Root Rot,leaves drooping and drying while roots decay,Improve field drainage to avoid waterlogging; apply Trichoderma viride or Carbendazim as soil drench; practice crop rotation with non host crops; remove and burn infected plant debris.
Cotton,Root Rot,roots disintegrating and turning mushy,Improve field drainage to avoid waterlogging; apply Trichoderma viride or Carbendazim as soil drench; practice crop rotation with non host crops; remove and burn infected plant debris.
Sugarcane,Red Rot,leaf midrib showing reddish discoloration,Use disease free healthy setts for planting; treat setts with Carbendazim before sowing; remove and burn infected cane clumps; avoid ratooning in severely infected fields; grow resistant varieties.
Sugarcane,Smut,smut infected canes appearing thin and grassy,Use hot water treated or disease free setts for planting; remove and burn infected shoots and whips immediately before they rupture; grow smut resistant sugarcane varieties; avoid ratooning infected fields.
General,Healthy,no discoloration or lesions observed on leaves,"No disease detected. Continue regular field monitoring, balanced fertilization, proper irrigation scheduling and timely weeding for healthy crop growth."
Cotton,Root Rot,fungal mycelium visible around root zone in soil,Improve field drainage to avoid waterlogging; apply Trichoderma viride or Carbendazim as soil drench; practice crop rotation with non host crops; remove and burn infected plant debris.
Sugarcane,Red Rot,spindle shaped red rot lesions on stalk surface,Use disease free healthy setts for planting; treat setts with Carbendazim before sowing; remove and burn infected cane clumps; avoid ratooning in severely infected fields; grow resistant varieties.
Wheat,Leaf Rust,leaves turning yellow with orange rust spots,Spray Propiconazole or Tebuconazole fungicide at first sign of infection; grow rust-resistant wheat varieties; avoid excess nitrogen fertilizer; ensure timely sowing.
Rice,Bacterial Blight,young seedlings collapsing and turning yellow rapidly,Use resistant rice varieties; avoid excess nitrogen application; apply Copper oxychloride or Streptocycline spray; drain excess standing water from field; use disease free seeds.
Sugarcane,Smut,black spore dust spreading from ruptured whip,Use hot water treated or disease free setts for planting; remove and burn infected shoots and whips immediately before they rupture; grow smut resistant sugarcane varieties; avoid ratooning infected fields.
Rice,Rice Blast,lesions coalescing to form large necrotic patches,Apply Tricyclazole or Isoprothiolane fungicide at boot leaf stage; maintain balanced nitrogen dose; avoid dense planting; use blast resistant seed varieties; drain field periodically.
Maize,Rust,heavy rust infestation causing premature leaf drying,Apply Mancozeb or Propiconazole fungicide; grow rust resistant hybrid seeds; ensure timely sowing to avoid peak humidity period; avoid excess nitrogen application.
Sugarcane,Smut,reduced sucrose content in smut affected canes,Use hot water treated or disease free setts for planting; remove and burn infected shoots and whips immediately before they rupture; grow smut resistant sugarcane varieties; avoid ratooning infected fields.
Sugarcane,Red Rot,field showing patches of prematurely drying cane,Use disease free healthy setts for planting; treat setts with Carbendazim before sowing; remove and burn infected cane clumps; avoid ratooning in severely infected fields; grow resistant varieties.
Maize,Rust,leaves turning yellow around rust colored pustules,Apply Mancozeb or Propiconazole fungicide; grow rust resistant hybrid seeds; ensure timely sowing to avoid peak humidity period; avoid excess nitrogen application.
Cotton,Root Rot,circular patches of wilted plants in field,Improve field drainage to avoid waterlogging; apply Trichoderma viride or Carbendazim as soil drench; practice crop rotation with non host crops; remove and burn infected plant debris.
Sugarcane,Smut,infected clumps showing profuse thin tillering,Use hot water treated or disease free setts for planting; remove and burn infected shoots and whips immediately before they rupture; grow smut resistant sugarcane varieties; avoid ratooning infected fields.
Wheat,Powdery Mildew,reduced photosynthesis due to white fungal coating,Apply sulfur based fungicide or Propiconazole spray; ensure proper plant spacing for good airflow; avoid excessive irrigation and nitrogen; remove and destroy infected leaves.
Maize,Rust,rust spreading rapidly across maize field,Apply Mancozeb or Propiconazole fungicide; grow rust resistant hybrid seeds; ensure timely sowing to avoid peak humidity period; avoid excess nitrogen application.
Maize,Rust,rust colored powder visible on leaf underside,Apply Mancozeb or Propiconazole fungicide; grow rust resistant hybrid seeds; ensure timely sowing to avoid peak humidity period; avoid excess nitrogen application.
Sugarcane,Smut,cane stools showing poor growth with smut whips,Use hot water treated or disease free setts for planting; remove and burn infected shoots and whips immediately before they rupture; grow smut resistant sugarcane varieties; avoid ratooning infected fields.
Cotton,Leaf Curl Virus,stunted plant growth with curled small leaves,Control whitefly vector using Imidacloprid or Thiamethoxam spray; remove and destroy infected plants immediately; use virus free certified seeds; avoid growing cotton near okra fields.
Maize,Leaf Blight,leaf blight symptoms intensifying after rain,Spray Mancozeb or Carbendazim fungicide at early symptom stage; practice crop rotation; remove and destroy infected crop debris after harvest; use resistant maize hybrids.
Cotton,Root Rot,affected plants showing no new leaf growth,Improve field drainage to avoid waterlogging; apply Trichoderma viride or Carbendazim as soil drench; practice crop rotation with non host crops; remove and burn infected plant debris.
Maize,Rust,circular to oval pustules erupting through leaf epidermis,Apply Mancozeb or Propiconazole fungicide; grow rust resistant hybrid seeds; ensure timely sowing to avoid peak humidity period; avoid excess nitrogen application.
Wheat,Powdery Mildew,stem and leaf sheath covered with white mold,Apply sulfur based fungicide or Propiconazole spray; ensure proper plant spacing for good airflow; avoid excessive irrigation and nitrogen; remove and destroy infected leaves.
General,Healthy,crop stand looks healthy and well established,"No disease detected. Continue regular field monitoring, balanced fertilization, proper irrigation scheduling and timely weeding for healthy crop growth."
Wheat,Leaf Rust,orange rust spots spreading rapidly on leaf blade,Spray Propiconazole or Tebuconazole fungicide at first sign of infection; grow rust-resistant wheat varieties; avoid excess nitrogen fertilizer; ensure timely sowing.
Sugarcane,Smut,silvery membrane covering young smut whip initially,Use hot water treated or disease free setts for planting; remove and burn infected shoots and whips immediately before they rupture; grow smut resistant sugarcane varieties; avoid ratooning infected fields.
Rice,Bacterial Blight,leaf margins showing water soaked translucent lesions,Use resistant rice varieties; avoid excess nitrogen application; apply Copper oxychloride or Streptocycline spray; drain excess standing water from field; use disease free seeds.
Wheat,Leaf Rust,orange coloured powdery pustules on leaf surface,Spray Propiconazole or Tebuconazole fungicide at first sign of infection; grow rust-resistant wheat varieties; avoid excess nitrogen fertilizer; ensure timely sowing.
Rice,Bacterial Blight,bacterial exudate visible as yellow droplets in morning,Use resistant rice varieties; avoid excess nitrogen application; apply Copper oxychloride or Streptocycline spray; drain excess standing water from field; use disease free seeds.
Maize,Leaf Blight,large elongated lesions reducing green leaf area,Spray Mancozeb or Carbendazim fungicide at early symptom stage; practice crop rotation; remove and destroy infected crop debris after harvest; use resistant maize hybrids.
Sugarcane,Red Rot,reddening of rind with sunken lesions on stalk,Use disease free healthy setts for planting; treat setts with Carbendazim before sowing; remove and burn infected cane clumps; avoid ratooning in severely infected fields; grow resistant varieties.
Wheat,Powdery Mildew,small circular white powdery spots enlarging over time,Apply sulfur based fungicide or Propiconazole spray; ensure proper plant spacing for good airflow; avoid excessive irrigation and nitrogen; remove and destroy infected leaves.
Rice,Bacterial Blight,leaves rolling and drying from margins inward,Use resistant rice varieties; avoid excess nitrogen application; apply Copper oxychloride or Streptocycline spray; drain excess standing water from field; use disease free seeds.
Wheat,Leaf Rust,orange rust lesions with yellow halo around them,Spray Propiconazole or Tebuconazole fungicide at first sign of infection; grow rust-resistant wheat varieties; avoid excess nitrogen fertilizer; ensure timely sowing.
Maize,Rust,reddish brown pustules on both leaf surfaces,Apply Mancozeb or Propiconazole fungicide; grow rust resistant hybrid seeds; ensure timely sowing to avoid peak humidity period; avoid excess nitrogen application.
Rice,Rice Blast,brown necrotic lesions with grey sporulating centre,Apply Tricyclazole or Isoprothiolane fungicide at boot leaf stage; maintain balanced nitrogen dose; avoid dense planting; use blast resistant seed varieties; drain field periodically.
Sugarcane,Red Rot,reddish discoloration inside the internode on cutting,Use disease free healthy setts for planting; treat setts with Carbendazim before sowing; remove and burn infected cane clumps; avoid ratooning in severely infected fields; grow resistant varieties.
Rice,Bacterial Blight,leaves showing translucent yellow streaks near margin,Use resistant rice varieties; avoid excess nitrogen application; apply Copper oxychloride or Streptocycline spray; drain excess standing water from field; use disease free seeds.
Wheat,Leaf Rust,small orange bumps forming rows on leaf,Spray Propiconazole or Tebuconazole fungicide at first sign of infection; grow rust-resistant wheat varieties; avoid excess nitrogen fertilizer; ensure timely sowing.
Maize,Rust,severe rust reducing photosynthetic leaf area,Apply Mancozeb or Propiconazole fungicide; grow rust resistant hybrid seeds; ensure timely sowing to avoid peak humidity period; avoid excess nitrogen application.
Maize,Leaf Blight,spots coalescing to form large blighted patches,Spray Mancozeb or Carbendazim fungicide at early symptom stage; practice crop rotation; remove and destroy infected crop debris after harvest; use resistant maize hybrids.
